FID,id,navn,loebenummer,web_id,x,y,longitude,latitude,graffitirenhold,wkb_geometry
monumenter.1,49690,Efterår,115,167,724712.263534,6179443.037248,12.577001,55.708568,Ja,MULTIPOINT ((12.577000674229012 55.70856778229661))
monumenter.2,49865,H.W. Meyer,41,93,723888.874104,6178081.85755,12.56281,55.696741,Ja,MULTIPOINT ((12.562810238950165 55.69674138769442))
monumenter.3,49866,Sigurd Fafnersbane og slange,314,353,724293.902081,6178228.432224,12.569361,55.697869,Ja,MULTIPOINT ((12.569361482261764 55.69786887177536))
monumenter.4,50058,Satyr med bacchusbarn,21,67,724122.061749,6176324.162901,12.565077,55.680871,Ja,MULTIPOINT ((12.56507667919525 55.68087077600335))
monumenter.5,50063,Talerstol,290,330,724157.041343,6178457.03039,12.567375,55.699982,Ja,MULTIPOINT ((12.567375194374895 55.69998215768913))
monumenter.6,50066,Ole Syversen,38,90,724015.981189,6178451.419807,12.565131,55.699997,Ja,MULTIPOINT ((12.565130565582324 55.69999697232131))
monumenter.7,50104,L.N. Hvidt,14,1,724122.946833,6176302.296936,12.565073,55.680674,Ja,MULTIPOINT ((12.565072868858248 55.680674273292766))
monumenter.8,50140,Vinsugende satyrdreng,17,54,724356.331119,6176430.404599,12.568882,55.681715,Ja,MULTIPOINT ((12.568881928715596 55.68171538600541))
monumenter.9,50141,Københavns tredje og fjerde rådhus,174,219,724633.057041,6175993.633672,12.572917,55.677671,Nej,MULTIPOINT ((12.572916758452196 55.677670537080076))
monumenter.10,50143,Reformationsmonumentet,147,196,724551.933485,6176159.130707,12.571765,55.679192,Ja,MULTIPOINT ((12.571764659827734 55.67919221623399))
monumenter.11,50144,Skålfrugt,234,271,724661.946764,6176185.379004,12.573532,55.679377,Ja,MULTIPOINT ((12.57353222272707 55.67937673558195))
monumenter.12,50145,,,,724570.229848,6176180.842944,12.572073,55.679378,,MULTIPOINT ((12.572072817721077 55.67937847134039))
monumenter.13,50146,,,,724580.076416,6176156.724383,12.572209,55.679158,,MULTIPOINT ((12.572209361718668 55.67915762462216))
monumenter.14,50147,,,,724600.142949,6176197.963804,12.572562,55.679518,,MULTIPOINT ((12.572561597867413 55.679518178692575))
monumenter.15,50148,,,,724594.279262,6176195.529821,12.572467,55.679499,,MULTIPOINT ((12.57246653958395 55.67949906234168))
monumenter.16,50149,,,,724570.050065,6176214.835734,12.572098,55.679683,,MULTIPOINT ((12.572097780508045 55.67968339999852))
monumenter.17,50150,,,,724576.909472,6176217.933531,12.572209,55.679708,,MULTIPOINT ((12.572209186093376 55.67970800927624))
monumenter.18,50151,,,,724584.7646,6176221.418552,12.572337,55.679736,,MULTIPOINT ((12.572336712513504 55.67973563064355))
monumenter.19,50152,,,,724615.631934,6176235.192685,12.572838,55.679845,,MULTIPOINT ((12.572837904201736 55.67984488232484))
monumenter.20,50153,,,,724623.099837,6176238.677706,12.572959,55.679873,,MULTIPOINT ((12.572959285544382 55.67987268210841))
monumenter.21,50154,,,,724630.733694,6176241.996775,12.573083,55.679899,,MULTIPOINT ((12.57308316519322 55.67989891675748))
monumenter.22,50156,,,,724641.911903,6176246.566435,12.573264,55.679935,,MULTIPOINT ((12.573264323942885 55.6799347272003))
monumenter.23,50317,,,,724984.00991,6177489.6799,12.579713,55.690924,,MULTIPOINT ((12.57971349153348 55.69092445958454))
monumenter.24,50322,Abstrakt skulptur,266,301,723774.064799,6175608.723366,12.55897,55.674615,Ja,MULTIPOINT ((12.558969826180434 55.67461512466272))
monumenter.25,50323,,,,725567.467946,6177470.997177,12.588961,55.690486,,MULTIPOINT ((12.588961106377077 55.69048618783599))
monumenter.26,51070,Skurestribesten,189,233,721635.529843,6172202.059717,12.522283,55.645043,Ja,MULTIPOINT ((12.522282515256126 55.64504305715171))
monumenter.27,51071,Havtaske,223,262,721521.000668,6171763.19043,12.520113,55.641159,Nej,MULTIPOINT ((12.520112800965178 55.64115923853999))
monumenter.28,51511,,,,724213.947424,6176537.39788,12.566709,55.682741,,MULTIPOINT ((12.566709353963772 55.68274065611928))
monumenter.29,51559,Det lider mot skymning,34,85,724728.441197,6177295.745975,12.575497,55.689304,Ja,MULTIPOINT ((12.575497118279532 55.68930364633295))
monumenter.30,51790,Anders Lassen,272,309,726070.011772,6177284.686914,12.596786,55.688582,Ja,MULTIPOINT ((12.596785762578563 55.68858167274564))
monumenter.31,51791,Prinsesse Marie,67,121,726182.626789,6177462.595221,12.59872,55.690125,Ja,MULTIPOINT ((12.598720227808336 55.69012464897871))
monumenter.32,51792,Ejner Mikkelsen,229,266,726217.74024,6178033.698489,12.599749,55.69523,Ja,MULTIPOINT ((12.599748818606516 55.69522974870936))
monumenter.33,51793,Ivar Huitfeldt,66,120,726207.211489,6177518.395771,12.599157,55.690614,Ja,MULTIPOINT ((12.599156547113394 55.69061359592589))
monumenter.34,51794,Winston Churchill,193,236,726055.460258,6177299.995376,12.596567,55.688726,Ja,MULTIPOINT ((12.596567375734343 55.68872572937361))
monumenter.35,51813,Frederik IX,252,286,726174.469824,6177403.864249,12.598542,55.689602,Ja,MULTIPOINT ((12.598542298031106 55.68960176885663))
monumenter.36,51814,Mindesmærke for to danske soldater dekoreret med Victoriakorset under 1. Verdenskrig,365,476,726060.109346,6177317.932506,12.596656,55.688884,Ja,MULTIPOINT ((12.596655963638625 55.6888844195019))
monumenter.37,51815,Neapolitansk fiskerdreng,49,102,725763.740357,6177278.050027,12.591918,55.688665,Ja,MULTIPOINT ((12.591918252196374 55.6886646601748))
monumenter.38,51816,Liggende pige,155,201,725627.27736,6177471.472228,12.589911,55.690463,Ja,MULTIPOINT ((12.58991101865533 55.69046265663856))
monumenter.39,51817,Danske spaniensfrivillige,263,298,725963.042936,6177218.64488,12.595033,55.688039,Ja,MULTIPOINT ((12.59503323405845 55.68803922049561))
monumenter.40,51818,Danaide,50,103,725725.763295,6177351.363786,12.591376,55.68934,Ja,MULTIPOINT ((12.591375702583736 55.6893397761594))
monumenter.41,51819,Såret kvinde,220,259,726000.644346,6177251.179221,12.595657,55.688313,Ja,MULTIPOINT ((12.595656951745577 55.688313478597564))
monumenter.42,51820,Gefionspringvandet,106,159,726119.58382,6177369.724194,12.597643,55.689321,Ja,MULTIPOINT ((12.59764282000107 55.68932117658981))
monumenter.43,51821,Finnebørnsmonumentet,320,393,725925.277283,6177209.145656,12.594426,55.687972,Ja,MULTIPOINT ((12.594425890978826 55.687971607893985))
monumenter.44,51822,Valkyrie,44,96,725890.870928,6177200.652098,12.593873,55.687911,Ja,MULTIPOINT ((12.593872705810712 55.68791144798324))
monumenter.45,51823,Svømmeren ,45,97,726239.739012,6177851.430653,12.599948,55.693585,Ja,MULTIPOINT ((12.599947706640853 55.693584981926925))
monumenter.46,51824,Søfartsmonumentet,72,128,726080.393267,6177886.520055,12.597447,55.693974,Ja,MULTIPOINT ((12.597446722513501 55.69397388797975))
monumenter.47,51825,Mylius Erichsen,47,99,726251.028026,6177994.62663,12.600245,55.694864,Ja,MULTIPOINT ((12.600245103303676 55.69486385199356))
monumenter.48,51826,Hornmine,250,284,726065.559373,6177273.2236,12.596706,55.688481,Ja,MULTIPOINT ((12.596705633045932 55.68848094631254))
monumenter.49,51827,Kennedy egen,366,481,726066.613256,6177312.453177,12.596755,55.688832,,MULTIPOINT ((12.596754697088485 55.68883225438193))
monumenter.50,51828,Thomas Dinesen,372,489,726073.518284,6177293.065004,12.596848,55.688655,Ja,MULTIPOINT ((12.596848333665731 55.68865517219982))
monumenter.51,52029,Frivillige og faldne,70,124,725599.781167,6177574.672874,12.589559,55.691401,Ja,MULTIPOINT ((12.589559391849761 55.69140091262717))
monumenter.52,52030,Vore faldne,227,265,725968.056338,6177361.25869,12.59523,55.689316,Ja,MULTIPOINT ((12.59523031441327 55.68931580622877))
monumenter.53,52031,Efter badet,46,98,726204.332935,6177806.038338,12.599348,55.693194,Ja,MULTIPOINT ((12.599348121673806 55.69319441852874))
monumenter.54,52032,Egetræ til minde om 60-året for besættelsens ophør,342,441,726066.559378,6177285.164989,12.596731,55.688588,Nej,MULTIPOINT ((12.596731350235341 55.68858756740995))
monumenter.55,52033,Kaj Birksted,352,463,726070.86858,6177286.957466,12.596801,55.688602,Ja,MULTIPOINT ((12.596801235772942 55.688601635413946))
monumenter.56,74623,,,,726352.455145,6173316.135392,12.597998,55.652861,,MULTIPOINT ((12.5979981179411 55.652861345660035))
monumenter.57,75764,Sten med indskrift,257,292,721229.743033,6174072.578724,12.517353,55.662004,Nej,MULTIPOINT ((12.517352719274296 55.66200361502802))
monumenter.58,75765,Sten med indskrift,257,292,721225.950711,6174074.258181,12.517294,55.66202,Nej,MULTIPOINT ((12.517293904542978 55.66202040346622))
monumenter.59,75766,Sten med indskrift,257,292,721227.305112,6174078.321383,12.517319,55.662056,Nej,MULTIPOINT ((12.517318664651432 55.66205622780174))
monumenter.60,75767,Sten med indskrift,257,292,721221.724981,6174078.538087,12.51723,55.662061,Nej,MULTIPOINT ((12.517230307450664 55.66206071129484))
monumenter.61,75763,Pladsudsmykning,257,292,721228.353621,6174069.096039,12.517328,55.661973,Nej,MULTIPOINT ((12.517327871159987 55.66197301300091))
monumenter.62,64986,Zodiac,274,311,724134.667732,6175710.170322,12.564775,55.675359,Nej,MULTIPOINT ((12.564775354575373 55.67535866212144))
monumenter.63,61277,,,,724616.627654,6176205.265754,12.572829,55.679576,,MULTIPOINT ((12.572829213551088 55.679576038940596))
monumenter.64,61578,Sportspige,148,197,726624.737241,6173141.091423,12.602172,55.651165,Ja,MULTIPOINT ((12.602172311035286 55.651164764199656))
monumenter.65,64971,Nulpunkt Vesterport,79,135,724366.746665,6175775.061427,12.568511,55.675833,Ja,MULTIPOINT ((12.568511495180218 55.67583346960638))
monumenter.66,61611,H.C. Andersen,192,235,724407.424966,6175719.798486,12.569112,55.675319,Ja,MULTIPOINT ((12.569111890833863 55.67531908236389))
monumenter.67,61612,Dragespringvandet,112,164,724371.77767,6175760.874824,12.56858,55.675704,Ja,MULTIPOINT ((12.568579742452597 55.67570392059072))
monumenter.68,61613,Landsoldaten og den lille hornblæser,55,108,724282.636327,6175862.028557,12.567248,55.676652,Ja,MULTIPOINT ((12.567247703364998 55.6766522324274))
monumenter.69,61614,De syv aksler,264,299,724097.497739,6175789.63965,12.56425,55.676088,Ja,MULTIPOINT ((12.5642503403861 55.67608849402053))
monumenter.70,61615,Niels W. Gade,154,200,725309.911388,6176535.86947,12.584104,55.68222,Nej,MULTIPOINT ((12.584104110012913 55.68221972891421))
monumenter.71,61616,H.C. Ørsted,12,460,724267.541395,6176324.099788,12.567386,55.680803,Ja,MULTIPOINT ((12.567385722079058 55.68080305476216))
monumenter.72,61617,Herman Trier,119,171,723466.574243,6176480.177084,12.5548,55.682572,Ja,MULTIPOINT ((12.554799531525772 55.68257197210291))
monumenter.73,61618,Druknesten,287,327,723530.965274,6176595.365628,12.555915,55.683575,Ja,MULTIPOINT ((12.555915464922272 55.68357536107776))
monumenter.74,61619,Lille pige med krukke,103,156,720801.330623,6177517.666557,12.513327,55.693096,Ja,MULTIPOINT ((12.513327207677275 55.69309582083512))
monumenter.75,61620,Latent energi,204,246,720325.55619,6177832.580827,12.506026,55.696136,Ja,MULTIPOINT ((12.506025803162753 55.69613631879692))
monumenter.76,61621,Vinge,336,432,720394.243667,6177953.602386,12.507214,55.69719,Nej,MULTIPOINT ((12.507213822413924 55.697190523960664))
monumenter.77,61622,Pilen,362,473,723271.828157,6178419.260605,12.553287,55.700051,Nej,MULTIPOINT ((12.553287039532695 55.70005147938198))
monumenter.78,61623,Bryderne,24,71,724170.89371,6176188.409263,12.565741,55.679631,Ja,MULTIPOINT ((12.565740860532989 55.67963079975473))
monumenter.79,61627,Firbensdræberen,26,74,724074.518774,6176230.504995,12.564246,55.680053,Ja,MULTIPOINT ((12.564245585794788 55.68005278688824))
monumenter.80,61628,Storkespringvandet,105,158,725043.818542,6176144.692884,12.57956,55.678835,Ja,MULTIPOINT ((12.57955973033944 55.67883508393215))
monumenter.81,61629,Tycho Brahe,89,145,724800.224991,6176408.824799,12.57591,55.681317,Ja,MULTIPOINT ((12.575909952066304 55.68131659722533))
monumenter.82,61631,Vandkunst,222,261,724803.53695,6176237.150896,12.575822,55.679775,Ja,MULTIPOINT ((12.57582188519421 55.679775508412796))
monumenter.83,61632,Spejl og fortætning,303,342,724742.148584,6175231.022358,12.574024,55.670781,Ja,MULTIPOINT ((12.574023823706455 55.67078102743611))
monumenter.84,61633,Absalon,63,117,725074.050371,6176049.15605,12.579961,55.677964,Ja,MULTIPOINT ((12.579961199583472 55.67796431382497))
monumenter.85,61634,Frederik VII,61,115,725165.102214,6175896.054002,12.581281,55.676549,Ja,MULTIPOINT ((12.581280674304608 55.67654911678372))
monumenter.86,61635,Niels Juel,62,116,725454.780104,6176044.341432,12.586,55.677745,Ja,MULTIPOINT ((12.585999728742465 55.67774456927027))
monumenter.87,61636,Mindeanker,173,57,725534.984063,6176369.61189,12.58754,55.680624,Ja,MULTIPOINT ((12.587539924186457 55.68062429547278))
monumenter.88,61637,Satyr med klangbækkener,22,69,724121.330013,6176226.76648,12.564986,55.679998,Ja,MULTIPOINT ((12.56498552016061 55.679997661137534))
monumenter.89,61638,Nilen,31,20,724071.101736,6176895.3665,12.564734,55.686017,Ja,MULTIPOINT ((12.564734317281733 55.68601685213498))
monumenter.90,61639,Tiberen,32,84,724098.634516,6176948.744224,12.565215,55.686483,Ja,MULTIPOINT ((12.565214989401769 55.6864828381006))
monumenter.91,61640,Siddende unge mennesker,142,190,723934.395061,6176996.579384,12.562647,55.686988,Ja,MULTIPOINT ((12.562646799763186 55.686987595997316))
monumenter.92,61641,Liggende figur,255,290,724252.788457,6177488.743011,12.568104,55.691254,Ja,MULTIPOINT ((12.568103628994766 55.69125436515973))
monumenter.93,61642,Fredens port,251,285,724327.913651,6177615.65449,12.5694,55.692358,Ja,MULTIPOINT ((12.569400170377502 55.692357794723264))
monumenter.94,61643,Omphalos,304,343,724561.300948,6177943.175194,12.573374,55.695187,Ja,MULTIPOINT ((12.573373862489774 55.69518707195215))
monumenter.95,61644,Georg Brandes,277,316,724939.933037,6177080.983529,12.578679,55.68728,Ja,MULTIPOINT ((12.578678532704298 55.6872797486874))
monumenter.96,61645,H.C. Andersen,64,118,725132.838015,6176904.623336,12.581596,55.685609,Ja,MULTIPOINT ((12.581596089664776 55.68560877547026))
monumenter.97,61646,Jeanne d'Arc,16,53,724209.843359,6176335.922671,12.56648,55.680936,Ja,MULTIPOINT ((12.566479583518575 55.68093572170363))
monumenter.98,61647,Hvilende satyr,28,104,724321.734892,6176385.891645,12.568296,55.681332,Ja,MULTIPOINT ((12.568296407344295 55.68133217553137))
monumenter.99,61648,Jødernes flugt,230,267,724339.803825,6176631.692905,12.568784,55.683528,Ja,MULTIPOINT ((12.568784174711498 55.683528169270936))
monumenter.100,61649,Drukken faun,6,38,723682.243536,6176381.611497,12.558143,55.681589,Ja,MULTIPOINT ((12.55814252937992 55.68158874149511))
monumenter.101,61650,Indagine nr. 70,306,345,723779.142699,6176325.954321,12.559635,55.681045,Ja,MULTIPOINT ((12.55963519248997 55.6810449657203))
monumenter.102,61651,Skulptur,254,288,724127.40305,6177322.033077,12.565977,55.689817,Ja,MULTIPOINT ((12.565976703072497 55.68981721297881))
monumenter.103,61652,Effort commun,256,291,724580.783132,6177972.654812,12.573707,55.695442,Ja,MULTIPOINT ((12.573707348270117 55.69544242933438))
monumenter.104,61653,Bjørnespringvandet,111,29,724495.957898,6175706.689179,12.570506,55.675161,Nej,MULTIPOINT ((12.570506185902673 55.67516061225018))
monumenter.105,61654,Corfitz Ulfeldt,240,277,724808.621543,6176240.510843,12.575905,55.679803,Nej,MULTIPOINT ((12.575905338672397 55.679803286698366))
monumenter.106,61655,"Væsen, der skubber kasse",258,293,724908.559353,6178150.339919,12.579058,55.696884,Ja,MULTIPOINT ((12.579057548372507 55.69688412504459))
monumenter.107,61656,Tubalkain,10,43,724736.203715,6177213.186968,12.575553,55.68856,Ja,MULTIPOINT ((12.575552704723705 55.68855967251362))
monumenter.108,61657,Sophus Bauditz,36,89,725088.774885,6177460.763407,12.581353,55.690617,Ja,MULTIPOINT ((12.581353018519652 55.69061658067936))
monumenter.109,61659,Christian Holm,144,194,725991.880409,6175172.163323,12.593806,55.669673,Ja,MULTIPOINT ((12.593805866913137 55.66967351215388))
monumenter.110,61660,De elskelige christianitter,213,254,725996.467819,6175243.96014,12.593938,55.670315,Ja,MULTIPOINT ((12.593937745244766 55.67031523413913))
monumenter.111,61662,Amagerport,138,187,726017.723795,6175329.286529,12.594345,55.67107,Ja,MULTIPOINT ((12.594345258340898 55.67107053178687))
monumenter.112,61663,Martin Andersen Nexø,214,255,726181.968804,6175375.487374,12.59699,55.671408,Ja,MULTIPOINT ((12.596989523517282 55.67140841445206))
monumenter.113,61664,Hundenes hund,245,386,727285.408563,6172653.375358,12.612247,55.646483,Ja,MULTIPOINT ((12.612247095112782 55.646482740785125))
monumenter.114,61665,Franklin D. Roosevelt,181,226,725771.679455,6176487.371424,12.591394,55.68157,Ja,MULTIPOINT ((12.591393586978251 55.68157036351857))
monumenter.115,61666,J.P.E. Hartmann,59,112,725700.088083,6176516.815781,12.590281,55.681868,Ja,MULTIPOINT ((12.590281495828007 55.68186768899325))
monumenter.116,61667,Borne,323,411,727281.522353,6172635.709083,12.612171,55.646326,Ja,MULTIPOINT ((12.612170868968716 55.64632613296357))
monumenter.117,61668,Artemisspringvandet,104,157,723017.980792,6177169.042539,12.548239,55.688956,Ja,MULTIPOINT ((12.548238906167263 55.68895604796347))
monumenter.118,61669,Moses,52,106,722975.483336,6177235.943093,12.547619,55.689576,Ja,MULTIPOINT ((12.547618610603147 55.68957554211914))
monumenter.119,61670,Laokoon,33,21,723088.554246,6177165.417432,12.549356,55.688891,Ja,MULTIPOINT ((12.549356372380691 55.688891115794995))
monumenter.120,61671,"De kantede bærer, de glatte glider",260,295,723385.595957,6177369.093231,12.554238,55.690581,Ja,MULTIPOINT ((12.554238033297567 55.69058112857909))
monumenter.121,61672,Mod lyset,37,22,724121.202695,6177783.327867,12.566255,55.693957,Nej,MULTIPOINT ((12.566255282541501 55.69395696116971))
monumenter.122,61673,En fodboldsspiller,129,179,724300.800036,6179056.629486,12.570149,55.705293,Ja,MULTIPOINT ((12.57014885618037 55.705292904848704))
monumenter.123,61674,Yngling til hest,1,385,720756.168949,6177918.413934,12.512933,55.69671,Ja,MULTIPOINT ((12.51293280120053 55.69671046268136))
monumenter.124,61675,6. Artilleriafdelings faldne,241,278,725259.30026,6174366.433398,12.581521,55.662788,Ja,MULTIPOINT ((12.581520879290657 55.662788015643045))
monumenter.125,61676,Silen med bacchusbarn,19,63,724290.658079,6176380.251751,12.567799,55.681296,Ja,MULTIPOINT ((12.567798532056878 55.68129594988543))
monumenter.126,61677,Den døende galler,18,55,724196.557436,6176466.759765,12.566376,55.682115,Ja,MULTIPOINT ((12.566375604278969 55.68211520201384))
monumenter.127,61678,Den belvederiske Apollon,20,65,724256.718724,6176381.642316,12.567261,55.681324,Ja,MULTIPOINT ((12.567260967723277 55.68132409307488))
monumenter.128,61679,Sliberen,23,70,724227.346206,6176291.509437,12.566721,55.680529,Ja,MULTIPOINT ((12.566721103677565 55.68052934351261))
monumenter.129,61680,Bertel Thorvaldsen,190,234,724130.086249,6176272.036641,12.565161,55.6804,Ja,MULTIPOINT ((12.565161472348429 55.68039960395685))
monumenter.130,61681,Tre former,271,308,725186.071252,6176113.265661,12.581792,55.678487,Ja,MULTIPOINT ((12.581791667263005 55.678487319285935))
monumenter.131,61682,Moderen,97,151,723999.889985,6177943.975632,12.56446,55.695454,Ja,MULTIPOINT ((12.564460374248393 55.6954536436818))
monumenter.132,61683,Hans Egede og Giertrud Rask,77,133,725194.400853,6176147.78169,12.581952,55.678793,Nej,MULTIPOINT ((12.581952188146671 55.67879299214675))
monumenter.133,61684,Svend Aage Tauscher,273,310,725199.499284,6176127.951541,12.582017,55.678613,Nej,MULTIPOINT ((12.582016834720434 55.67861279449984))
monumenter.134,61686,Genforeningsmonumentet,83,140,724630.806184,6178389.198615,12.574843,55.699155,Ja,MULTIPOINT ((12.574842947728497 55.69915480450897))
monumenter.135,61691,Fløjtespillende satyr,29,78,724134.141635,6176180.048396,12.565151,55.679573,Ja,MULTIPOINT ((12.5651507099956 55.67957278065184))
monumenter.136,61692,Wienerbørnenes ankomst,215,256,722225.573086,6174153.676784,12.533217,55.662277,Ja,MULTIPOINT ((12.533217434327529 55.66227662047498))
monumenter.137,61693,Unge mennesker,183,228,722243.597728,6174172.379422,12.533519,55.662436,Ja,MULTIPOINT ((12.533518530882029 55.66243611021705))
monumenter.138,61694,Og dagen rinder,124,175,721572.835592,6174555.659214,12.523186,55.66618,Ja,MULTIPOINT ((12.523185679488831 55.66617980267377))
monumenter.139,61695,Hvilende Hermes,27,75,724204.207398,6176316.554717,12.566374,55.680765,Ja,MULTIPOINT ((12.566374303458407 55.680764631663905))
monumenter.140,61696,Danmark under besættelsen,165,211,721056.570324,6178266.631919,12.517984,55.699697,Ja,MULTIPOINT ((12.517983863789492 55.69969671963236))
monumenter.141,61697,Gandhi,261,296,721392.920206,6178080.173437,12.523175,55.697871,Ja,MULTIPOINT ((12.523174724794655 55.69787117126973))
monumenter.142,61698,Kvindefigur,84,402,722133.220447,6174065.294088,12.531681,55.661526,Nej,MULTIPOINT ((12.531680766248776 55.66152619121284))
monumenter.143,61699,Mor Groa,199,243,718879.037326,6176716.172544,12.482164,55.686778,Ja,MULTIPOINT ((12.482164202030905 55.68677792925705))
monumenter.144,61700,Nøgen ung mand,207,406,721471.799268,6180249.257352,12.526181,55.717288,Nej,MULTIPOINT ((12.526180897662568 55.7172883110591))
monumenter.145,61701,Fra døden til opstandelsen,151,405,721709.571462,6180090.202245,12.52983,55.715753,Nej,MULTIPOINT ((12.529829753208928 55.71575322464387))
monumenter.146,61702,Afskedsscene,158,404,721271.924053,6179622.309683,12.522499,55.711757,Nej,MULTIPOINT ((12.522498702923887 55.71175683766575))
monumenter.147,61703,Seks sanseskulpturer,315,355,724524.230613,6178457.898906,12.573207,55.69982,Ja,MULTIPOINT ((12.57320684870625 55.699820216571496))
monumenter.148,61704,Salvador Allende,318,390,722558.020052,6178324.448345,12.541874,55.699529,Ja,MULTIPOINT ((12.541874450765688 55.6995290430454))
monumenter.149,61705,Granitkugle,324,414,724389.734555,6179186.542215,12.571668,55.706417,Ja,MULTIPOINT ((12.571667721881918 55.7064168326341))
monumenter.150,61706,Buksetrold,178,223,722964.247149,6178538.920918,12.5485,55.701266,Ja,MULTIPOINT ((12.548499888912884 55.70126601406746))
monumenter.151,61707,Den store udveksler,322,397,725070.930738,6169271.342023,12.574364,55.617183,Ja,MULTIPOINT ((12.574364217109476 55.61718269920329))
monumenter.152,61708,Arken,330,422,725081.599598,6175120.082468,12.579319,55.669629,Ja,MULTIPOINT ((12.579319298163393 55.66962899445879))
monumenter.153,61709,Platons hule,331,424,724927.266299,6174859.399356,12.576657,55.667363,Ja,MULTIPOINT ((12.576656898045893 55.66736267936408))
monumenter.154,61710,Diana til hest,42,94,725514.457556,6177881.177972,12.588457,55.694189,Ja,MULTIPOINT ((12.588456855925063 55.69418922054228))
monumenter.155,61712,Taras Shevchenko,356,464,725110.34542,6177555.562619,12.581773,55.691457,Ja,MULTIPOINT ((12.581773288683674 55.69145672340588))
monumenter.156,61713,Danske flyveres minde,122,173,725887.548077,6174998.060955,12.592007,55.668161,Ja,MULTIPOINT ((12.592007185961302 55.668160718278614))
monumenter.157,61714,Kvartmilesten,344,446,724209.201902,6178886.619448,12.568555,55.703811,Nej,MULTIPOINT ((12.56855496627151 55.70381059714124))
monumenter.158,61716,Farvel til våbnene,353,465,722544.716237,6178246.979149,12.5416,55.69884,Ja,MULTIPOINT ((12.541600283038592 55.69884038314694))
monumenter.159,61717,Borgmester H.C.V. Møller,164,210,724513.394149,6179045.104808,12.573516,55.705091,Ja,MULTIPOINT ((12.57351584928392 55.705091234365774))
monumenter.160,61718,Søjle,354,461,719403.060583,6176846.820343,12.490588,55.687713,Ja,MULTIPOINT ((12.4905881008236 55.68771317471128))
monumenter.161,61719,Kærlighedsøen,355,462,725474.482954,6171971.800302,12.582971,55.641213,Ja,MULTIPOINT ((12.582970683275155 55.641213471658475))
monumenter.162,61720,August Bournonville ,244,429,725234.175919,6176109.915498,12.582552,55.678435,Nej,MULTIPOINT ((12.582552389658089 55.678434971296475))
monumenter.163,61721,"Ko, der er i færd med at rejse sig",156,203,725809.635462,6174974.614867,12.590752,55.667987,Ja,MULTIPOINT ((12.590751690064932 55.66798667235144))
monumenter.164,61722,Blå/rød Statement,347,470,724138.81432,6177829.073867,12.566572,55.694359,Ja,MULTIPOINT ((12.566572309238373 55.694359078983034))
monumenter.165,61723,Det ægyptiske æg,370,486,725459.959045,6177541.232504,12.587312,55.691166,Ja,MULTIPOINT ((12.587312056016083 55.69116598007928))
monumenter.166,61725,Jorden bærer dit aftryk,357,467,723214.942242,6177556.044939,12.551681,55.692336,Nej,MULTIPOINT ((12.551680827664777 55.69233622608719))
monumenter.167,61726,Gjerrøds datter,139,188,722730.565541,6180887.478688,12.546699,55.722436,Ja,MULTIPOINT ((12.546698789389492 55.72243555108372))
monumenter.168,61727,Herman Bang,360,471,725725.41483,6176506.241713,12.590675,55.681761,Ja,MULTIPOINT ((12.590674790579836 55.68176109259129))
monumenter.169,61728,Hønsefødder ,259,294,724067.781769,6176551.987374,12.564401,55.682939,Ja,MULTIPOINT ((12.564401168965102 55.68293895550952))
monumenter.170,61729,Borne,292,332,724116.393963,6176621.771557,12.56523,55.683542,Ja,MULTIPOINT ((12.565229800206813 55.68354234920148))
monumenter.171,61730,Tordenskjold,68,122,725292.17697,6175910.921258,12.58331,55.676623,Nej,MULTIPOINT ((12.583309586266683 55.676623523864194))
monumenter.172,61731,David,74,130,726125.029922,6176990.106732,12.597416,55.685914,Nej,MULTIPOINT ((12.59741632926349 55.68591435038062))
monumenter.173,61732,Rudolph Berg,82,138,724449.606929,6175341.137966,12.569472,55.671904,Nej,MULTIPOINT ((12.56947174272785 55.671903774506916))
monumenter.174,61733,Ærkebiskop Absalon,108,161,724433.487555,6175756.751871,12.569556,55.675638,Nej,MULTIPOINT ((12.569555716778932 55.67563843906297))
monumenter.175,61734,Vægter,109,162,724447.277705,6175762.825718,12.56978,55.675687,Nej,MULTIPOINT ((12.569779534409003 55.675686537733945))
monumenter.176,61735,Fiskerkone,137,186,725032.588326,6176015.371455,12.579275,55.677681,Nej,MULTIPOINT ((12.579275460056845 55.677680548255026))
monumenter.177,64970,regn søvn blå kys,364,475,720300.98934,6174611.829721,12.50305,55.667262,Ja,MULTIPOINT ((12.50304986666395 55.667261841398606))
monumenter.178,64972,"Den slanke, der løfter den tunge",262,297,724487.517078,6175657.197907,12.570332,55.674721,Ja,MULTIPOINT ((12.570331758770646 55.6747206766936))
monumenter.179,64974,Dantesøjlen,73,129,724662.743603,6175497.054103,12.572981,55.673203,Ja,MULTIPOINT ((12.572981497626044 55.67320351043625))
monumenter.180,64975,Georg Zoëga,2,81,724586.73197,6175473.492898,12.571756,55.673027,Ja,MULTIPOINT ((12.571755988007835 55.6730273596959))
monumenter.181,64976,Asmus Jacob Carstens,5,36,724657.40651,6175417.437695,12.572832,55.672492,Ja,MULTIPOINT ((12.572831655016552 55.67249198261086))
monumenter.182,64977,Løve og løvinde,8,39,724150.330325,6176081.576388,12.565327,55.678682,Ja,MULTIPOINT ((12.565327226557528 55.67868221158477))
monumenter.183,64978,Stauning-monumentet,197,241,724004.626901,6176007.111747,12.562954,55.678082,Ja,MULTIPOINT ((12.562953923511422 55.67808162795295))
monumenter.184,64979,Anders Sandøe Ørsted,13,47,724161.253436,6176467.014499,12.565815,55.682134,Ja,MULTIPOINT ((12.565815438752848 55.68213378287009))
monumenter.185,64980,Natalie Zahle,15,48,724203.8233,6176371.493315,12.566413,55.681257,Ja,MULTIPOINT ((12.566413094014665 55.68125749834173))
monumenter.186,64981,Havhestebrønd,159,205,725851.302902,6177038.64583,12.593111,55.686477,Nej,MULTIPOINT ((12.59311118652656 55.68647702610615))
monumenter.187,64982,Isbjørn,177,222,724462.948473,6175776.441312,12.570039,55.675801,Nej,MULTIPOINT ((12.570039365263623 55.675801401183065))
monumenter.188,64983,Quadriga,185,230,724951.27032,6175888.860114,12.577881,55.676584,Nej,MULTIPOINT ((12.577881194201698 55.67658367441711))
monumenter.189,64985,Døden og moderen,51,105,724479.673777,6176213.177317,12.570662,55.67971,Nej,MULTIPOINT ((12.570661995232282 55.6797103058266))
monumenter.190,64987,Caroline Amalie,65,119,724899.658038,6176967.263525,12.577946,55.686279,Ja,MULTIPOINT ((12.577945943755376 55.68627857750702))
monumenter.191,64988,Sophus Schandorf,35,88,725250.916686,6177634.168237,12.58407,55.692096,Ja,MULTIPOINT ((12.584069605508892 55.69209644352076))
monumenter.192,64989,Niels W. Gade,58,111,725090.252373,6177575.162112,12.58147,55.691642,Ja,MULTIPOINT ((12.58147037249904 55.69164180479123))
monumenter.193,64990,En neapolitansk fisker,9,42,725685.341767,6176455.062624,12.589997,55.681321,Ja,MULTIPOINT ((12.58999664820119 55.68132075379229))
monumenter.194,64991,Holger Hammerich,48,100,726238.595981,6178476.78986,12.600446,55.699193,Ja,MULTIPOINT ((12.600445635373251 55.6991935148425))
monumenter.195,64992,Fire gule kiler,288,328,726674.348968,6172615.470369,12.602526,55.646428,Nej,MULTIPOINT ((12.602525832884524 55.64642803058298))
monumenter.196,65089,Kone med hundene,363,474,720974.059506,6174504.391328,12.513644,55.665993,Ja,MULTIPOINT ((12.513643516353714 55.665992661235315))
monumenter.197,64984,Hyldemor,269,304,724671.669806,6176561.17856,12.573994,55.682742,Ja,MULTIPOINT ((12.573994227209822 55.682742381300955))
monumenter.198,64993,Carl Nielsen,134,183,725546.576419,6177507.616875,12.58866,55.690824,Ja,MULTIPOINT ((12.588659553677111 55.69082429064138))
monumenter.199,64994,Willy Trosborg,276,315,726156.918854,6175669.497614,12.596834,55.674057,Ja,MULTIPOINT ((12.596834215450537 55.67405667562278))
monumenter.200,64995,Sole og galakser i rum,205,247,727092.437132,6174177.273901,12.610446,55.660239,Nej,MULTIPOINT ((12.610445951384325 55.660238626853285))
monumenter.201,64996,Sgraffitogavl,195,238,727692.16537,6174043.040604,12.619848,55.658754,Nej,MULTIPOINT ((12.619848237870135 55.65875431864895))
monumenter.202,64997,Lauritz P. Holmblad,81,137,727679.512587,6173640.437146,12.619314,55.65515,Ja,MULTIPOINT ((12.61931400084519 55.6551498933164))
monumenter.203,64998,Spejldam,289,329,727733.911249,6173658.874394,12.620192,55.65529,Nej,MULTIPOINT ((12.620192091760087 55.655289749783385))
monumenter.204,64999,"Kvinde, der kæmmer sig",145,192,727219.682527,6172989.931035,12.611483,55.649532,Ja,MULTIPOINT ((12.611482935263028 55.64953155404071))
monumenter.205,65000,"Fem blomster, fugle, sol",219,257,726387.310116,6173241.001754,12.598489,55.652171,Nej,MULTIPOINT ((12.598489058481501 55.65217133915138))
monumenter.206,65001,Stående kalv,225,264,726288.485733,6172826.961747,12.596581,55.648504,Ja,MULTIPOINT ((12.596580916297524 55.64850433795106))
monumenter.207,65002,Christian X,179,224,725606.223351,6176555.243541,12.588823,55.682256,Ja,MULTIPOINT ((12.58882324134397 55.68225591314001))
monumenter.208,65003,Den lille havfrue,71,126,726202.328835,6177768.995465,12.599286,55.692863,Ja,MULTIPOINT ((12.59928574493916 55.69286316446913))
monumenter.209,65004,Grønlandsmonumentet,123,174,725818.87756,6175425.136959,12.591269,55.672023,Ja,MULTIPOINT ((12.591268818737111 55.672022557977094))
monumenter.210,65005,Uden  titel,321,394,725746.118813,6173585.203641,12.588602,55.655556,Ja,MULTIPOINT ((12.588602265998857 55.655556215439276))
monumenter.211,65006,Slaget på Reden,43,95,726714.302982,6177339.009618,12.607059,55.688768,Nej,MULTIPOINT ((12.607058620906987 55.68876840598588))
monumenter.212,65007,Valdemar Holmer,86,142,724367.575597,6177043.577753,12.569562,55.687209,Nej,MULTIPOINT ((12.569561869541266 55.68720910789341))
monumenter.213,65008,H.V.S. Gredsted,87,143,724445.196747,6177148.327835,12.57088,55.688113,Nej,MULTIPOINT ((12.570879801961787 55.688112627918876))
monumenter.214,65009,Jørgen V. Sonne,180,225,725646.461441,6176509.37268,12.589424,55.681826,Nej,MULTIPOINT ((12.589424197049528 55.68182585976733))
monumenter.215,65010,Abegruppe,196,240,726088.655992,6175590.758259,12.595686,55.673382,Nej,MULTIPOINT ((12.59568610642471 55.67338233659037))
monumenter.216,65011,Skulptur,279,318,724291.337408,6177069.982829,12.568373,55.687481,Nej,MULTIPOINT ((12.56837319260608 55.68748112988851))
monumenter.217,65012,C.W. Eckersberg,291,331,725638.905957,6176512.291301,12.589307,55.681856,Nej,MULTIPOINT ((12.58930667425453 55.68185554364444))
monumenter.218,65013,Jutlandia,268,303,726248.4926,6178070.847156,12.600268,55.695549,Ja,MULTIPOINT ((12.60026774629301 55.69554855253617))
monumenter.219,65014,To søstre,116,168,725510.474705,6177530.660115,12.588105,55.691048,Ja,MULTIPOINT ((12.588105353395715 55.6910477075019))
monumenter.220,65015,Nulpunktsten Østerport,85,141,725505.772347,6177607.803205,12.588094,55.691742,Ja,MULTIPOINT ((12.588094134762303 55.69174169342251))
monumenter.221,65016,Skulptur i tre dele,248,282,725123.35137,6171717.658294,12.577195,55.639097,Ja,MULTIPOINT ((12.577195161680251 55.639096982489164))
monumenter.222,65017,Anker,238,275,722644.31261,6173223.996328,12.539108,55.653747,Ja,MULTIPOINT ((12.539107627604574 55.65374732481324))
monumenter.223,65018,Blå vifteskulptur,231,268,726256.409406,6172931.776121,12.596158,55.649459,Ja,MULTIPOINT ((12.59615847488623 55.64945921364478))
monumenter.224,65020,Hestebetvinger,7,41,722608.221897,6173759.593715,12.538969,55.658567,Ja,MULTIPOINT ((12.538968978246865 55.65856725269446))
monumenter.225,65021,"Huset, der regner",296,335,723785.94555,6177411.741193,12.560629,55.690779,Ja,MULTIPOINT ((12.56062892359526 55.69077922621775))
monumenter.226,65022,Guldskat,275,314,723543.2667,6177939.757032,12.557207,55.695626,Ja,MULTIPOINT ((12.55720651341244 55.695626311935236))
monumenter.227,65023,Grundtvigs Højskole,166,212,723386.267539,6179268.574537,12.555797,55.707615,Ja,MULTIPOINT ((12.55579675619248 55.70761552874393))
monumenter.228,65024,Manana,235,272,725082.16105,6179433.17417,12.582868,55.708308,Nej,MULTIPOINT ((12.582867745788493 55.708307871742534))
monumenter.229,65025,Spejlbassin ,308,347,725275.983181,6178893.25733,12.585502,55.703376,Nej,MULTIPOINT ((12.58550230534758 55.70337606399436))
monumenter.230,65026,Bymærke,80,136,724525.083744,6181489.64037,12.575706,55.727008,Ja,MULTIPOINT ((12.575706065145079 55.72700809720031))
monumenter.231,65027,Diskoskasteren,25,73,721059.950163,6172679.582327,12.513538,55.649588,Ja,MULTIPOINT ((12.513538451906621 55.64958772431135))
monumenter.232,65028,Børnenes undervisning i naturen,198,242,718873.666323,6176493.960201,12.481902,55.684787,Nej,MULTIPOINT ((12.481901634390363 55.68478737059467))
monumenter.233,65029,Mand og pige,102,155,721366.272531,6178100.960926,12.522768,55.69807,Ja,MULTIPOINT ((12.522768348865583 55.69806975605172))
monumenter.234,65031,Sneugle,202,245,721887.400989,6179710.59658,12.532347,55.712267,Ja,MULTIPOINT ((12.532347346402691 55.712267496978065))
monumenter.235,65032,Lille Gefion,281,320,722370.401778,6179876.502042,12.540155,55.713534,Ja,MULTIPOINT ((12.54015476767551 55.71353420750605))
monumenter.236,65033,Kone på kasse,285,325,722444.090726,6180034.412882,12.541454,55.714917,Ja,MULTIPOINT ((12.541453663813062 55.71491659681266))
monumenter.237,65034,Dynamisk vækst,286,326,722281.12527,6179987.492772,12.538827,55.71457,Ja,MULTIPOINT ((12.538826614481906 55.714570514575875))
monumenter.238,65035,"Dreng, der spiller bold",201,244,723072.088667,6180301.567347,12.551648,55.717024,Nej,MULTIPOINT ((12.551647931475248 55.7170240630505))
monumenter.239,65036,Wessel og Ewald,78,134,724817.185854,6176411.415932,12.576181,55.681332,Ja,MULTIPOINT ((12.576181282996599 55.681331983352706))
monumenter.240,65039,Bronzekumme,56,109,724419.27084,6175767.855329,12.569339,55.675745,Ja,MULTIPOINT ((12.569339173371986 55.67574458276721))
monumenter.241,65040,Lurblæserne,57,110,724468.951643,6175801.174139,12.570155,55.67602,Ja,MULTIPOINT ((12.570154861749234 55.676020430496415))
monumenter.242,65045,Stormen på København,4,34,724673.838961,6175644.040274,12.573278,55.674517,Nej,MULTIPOINT ((12.573277861761444 55.67451654312214))
monumenter.243,65047,Kildeindfatning,107,160,725146.294589,6176148.977459,12.58119,55.678826,Nej,MULTIPOINT ((12.581189665131578 55.678826016957075))
monumenter.244,65048,Den ukendte KZ-lejrfanges grav,168,363,724889.293306,6176131.684987,12.577097,55.67879,Nej,MULTIPOINT ((12.577096558101221 55.6787900013307))
monumenter.245,65049,Skadebrønd,246,280,725224.403331,6176368.64247,12.58261,55.68076,Nej,MULTIPOINT ((12.582609621641582 55.68075972618812))
monumenter.246,65050,Agnete og havmanden,301,340,725091.726451,6176010.394028,12.58021,55.677608,Nej,MULTIPOINT ((12.580209945525146 55.677608510140196))
monumenter.247,65051,Claudi Rosset,118,170,724831.463433,6176445.869053,12.576436,55.681634,Nej,MULTIPOINT ((12.576436130318086 55.68163434623434))
monumenter.248,65052,Dansende piger,136,185,723445.353596,6177735.462863,12.555485,55.693839,Ja,MULTIPOINT ((12.555485308174104 55.69383926601615))
monumenter.249,65054,En falden,150,409,722093.048488,6174052.352316,12.531033,55.661428,Ja,MULTIPOINT ((12.531032973555083 55.66142848321776))
monumenter.250,65055,Fresko,209,410,721922.212018,6174027.93135,12.528303,55.661287,Nej,MULTIPOINT ((12.528302914573754 55.66128750147193))
monumenter.251,65056,Begravelse og opstandelse,188,408,721925.046292,6174042.291259,12.528359,55.661415,Nej,MULTIPOINT ((12.528359479504735 55.66141499271138))
monumenter.252,65057,Musikken,95,149,722165.906089,6172453.896651,12.530897,55.64706,Ja,MULTIPOINT ((12.530896898054836 55.64705962977709))
monumenter.253,65058,Dreng med ged,131,181,721937.05483,6178584.950905,12.532224,55.70215,Ja,MULTIPOINT ((12.532224217824956 55.70214966644339))
monumenter.254,65059,Udsmykning af Rungsted Plads,312,351,722458.981735,6177609.03315,12.539721,55.693158,Ja,MULTIPOINT ((12.539721153606552 55.693158437259626))
monumenter.255,65060,Afrodite,125,176,723516.460617,6177752.585873,12.556628,55.69396,Ja,MULTIPOINT ((12.556628284302322 55.69396009118011))
monumenter.256,65061,Larve,295,334,723475.773747,6179384.654348,12.557313,55.708615,Ja,MULTIPOINT ((12.557313105482468 55.708615320612225))
monumenter.257,65062,Fugl med unge,265,300,724047.003166,6180137.49979,12.567002,55.715103,Ja,MULTIPOINT ((12.567002131056448 55.71510335398305))
monumenter.258,65063,Hans Knudsen,310,348,723672.784012,6179859.862262,12.56083,55.712786,Ja,MULTIPOINT ((12.560830416969166 55.7127862066678))
monumenter.259,65064,Ulrich Birch,39,23,725872.040298,6174987.767862,12.591753,55.668076,Ja,MULTIPOINT ((12.59175266298512 55.66807562111665))
monumenter.260,65066,F.J. Borgbjerg,128,178,723931.61886,6178754.684483,12.564039,55.702756,Ja,MULTIPOINT ((12.564038681203854 55.702755580489764))
monumenter.261,65067,Skulptur i tre dele,249,283,724087.563172,6178611.003469,12.566398,55.701395,Ja,MULTIPOINT ((12.566397771371733 55.70139506849494))
monumenter.262,65068,Ove Rode,127,177,724479.94298,6179289.399478,12.573185,55.707297,Ja,MULTIPOINT ((12.573184739436446 55.70729752030415))
monumenter.263,65069,Ved målet,169,214,724754.053262,6178945.864011,12.577257,55.70409,Nej,MULTIPOINT ((12.577256578046848 55.7040898478427))
monumenter.264,65070,Valdemar Bie,146,195,724250.892841,6178092.303398,12.568567,55.696668,Ja,MULTIPOINT ((12.568567172365126 55.69666794771857))
monumenter.265,65071,To løver,30,82,724412.606349,6179169.469677,12.572017,55.706253,Ja,MULTIPOINT ((12.572017000141278 55.70625314998067))
monumenter.266,65073,To sportsscener,294,333,724742.368007,6178946.324857,12.577071,55.704099,Nej,MULTIPOINT ((12.57707137642782 55.704099392704045))
monumenter.267,65074,J.F. Classen,143,191,725524.590656,6178300.688026,12.588963,55.697947,Ja,MULTIPOINT ((12.5889628433937 55.69794657806639))
monumenter.268,65075,Stående kvinde,184,229,725192.203047,6180184.198371,12.585233,55.714992,Ja,MULTIPOINT ((12.585233063621658 55.71499182477975))
monumenter.269,65077,Kristina,307,346,725953.728241,6178451.572555,12.595901,55.6991,Ja,MULTIPOINT ((12.595901376908413 55.69910007792677))
monumenter.270,65078,Kains efterkommere,3,32,721153.688275,6174134.114775,12.516196,55.66259,Ja,MULTIPOINT ((12.516195606780721 55.66259011567019))
monumenter.271,65079,Nulpunkt Nørreport,76,132,724512.516398,6176668.415071,12.571556,55.683778,Ja,MULTIPOINT ((12.571555741370746 55.68377767528879))
monumenter.272,65081,Keramisk vægudsmykning,211,251,720616.17031,6174021.330152,12.507577,55.661823,Nej,MULTIPOINT ((12.507576841262953 55.66182289566615))
monumenter.273,65082,Vandbærerske,203,435,721260.461222,6173912.580007,12.517711,55.660555,Ja,MULTIPOINT ((12.517711228022536 55.66055468273101))
monumenter.274,65083,Løvebrønd,187,232,719784.680342,6174877.625994,12.49507,55.669879,Ja,MULTIPOINT ((12.495069805575998 55.66987949794475))
monumenter.275,65084,Livets vilkår,186,58,719799.338263,6174897.684202,12.495318,55.670053,Ja,MULTIPOINT ((12.495318468557146 55.67005276326319))
monumenter.276,65090,Skulptur,224,263,718898.384323,6177781.36279,12.483322,55.696323,Ja,MULTIPOINT ((12.483321646556231 55.69632267586454))
monumenter.277,65091,Politibetjent,110,163,724511.73019,6175650.731185,12.570711,55.674651,Nej,MULTIPOINT ((12.570710725663526 55.674651493624744))
monumenter.278,65092,Brandmand,110,163,724554.934198,6175705.825171,12.571441,55.675126,Nej,MULTIPOINT ((12.571441427095813 55.67512560531363))
monumenter.279,65093,Peter med hane,280,319,724471.101917,6176245.295151,12.570552,55.680002,Nej,MULTIPOINT ((12.570552215705911 55.680002298988825))
monumenter.280,65094,En blind pige,299,338,725471.617384,6178084.649947,12.587944,55.696034,Nej,MULTIPOINT ((12.587944001562272 55.69603381019912))
monumenter.281,65095,En blind dreng,300,339,725476.961841,6178083.108277,12.588028,55.696017,Nej,MULTIPOINT ((12.588027593236935 55.69601750231886))
monumenter.282,65096,Pietá,96,150,723598.704214,6177861.879041,12.558023,55.694902,Nej,MULTIPOINT ((12.558023258748047 55.694902363816865))
monumenter.283,65097,"Kvinde, mand",170,215,724700.623439,6179015.717891,12.576465,55.704741,Nej,MULTIPOINT ((12.576465314934287 55.704741032068476))
monumenter.284,65098,"Kvinde, mand",170,215,724734.557305,6178989.76852,12.576983,55.704493,Nej,MULTIPOINT ((12.576982961943711 55.70449260689796))
monumenter.285,65099,Siddende puddel,232,269,724743.607304,6178293.258092,12.576556,55.698242,Ja,MULTIPOINT ((12.576555513466698 55.69824220164765))
monumenter.286,65100,Fabeldyr,194,237,722276.438304,6179559.335976,12.538405,55.710733,Ja,MULTIPOINT ((12.5384046470213 55.71073285613536))
monumenter.287,65101,Kærligheden mod de syge,152,199,722414.867984,6179803.64665,12.540802,55.71286,Ja,MULTIPOINT ((12.540801985879671 55.712860439529564))
monumenter.288,65102,Glæden ved genvundet helbred,152,199,722431.542553,6179816.96465,12.541078,55.712972,Ja,MULTIPOINT ((12.541077690198717 55.71297223248025))
monumenter.289,65103,Tukak maskespil,284,324,722454.385354,6179964.99792,12.541561,55.714289,Ja,MULTIPOINT ((12.541560817869689 55.714289348930606))
monumenter.290,65104,Borgmester Jensen,157,204,722382.092694,6179862.064256,12.540329,55.713399,Ja,MULTIPOINT ((12.540328764978169 55.71339936700064))
monumenter.291,65105,Skulptur III,282,321,722420.504892,6179799.577503,12.540888,55.712821,Ja,MULTIPOINT ((12.540888227281142 55.712821362059344))
monumenter.292,65106,Blomsterkumme,283,322,722433.483334,6179810.49668,12.541103,55.712913,Nej,MULTIPOINT ((12.541103267492257 55.712913336517644))
monumenter.293,65107,Moderkærlighed ,130,180,724639.04227,6175631.161288,12.572715,55.674417,Nej,MULTIPOINT ((12.572715113036425 55.674417136895705))
monumenter.294,65108,Michael Christian Lyngsie,278,317,722295.411061,6178517.738949,12.537861,55.701383,Ja,MULTIPOINT ((12.537860906522631 55.7013828739566))
monumenter.295,65109,Stort blad,267,302,722280.06824,6178517.508701,12.537617,55.701388,Ja,MULTIPOINT ((12.537617058862423 55.70138783665629))
monumenter.296,65110,Byens kag,175,220,724651.668749,6175966.659651,12.57319,55.67742,Ja,MULTIPOINT ((12.573190064655117 55.67742002818059))
monumenter.297,65111,Dagdrømmeren,316,356,727267.348828,6174355.28174,12.613368,55.661753,Ja,MULTIPOINT ((12.613367839517307 55.66175317172884))
monumenter.298,65112,Liggende kalv,325,416,727251.378924,6174681.988922,12.613385,55.66469,Nej,MULTIPOINT ((12.613384752756513 55.66469040727456))
monumenter.299,65115,Gøgeunge,328,419,720930.620241,6174423.143533,12.512889,55.665284,Nej,MULTIPOINT ((12.512888906178311 55.665283738465455))
monumenter.300,65116,Borgermusikken,329,420,721731.574124,6173582.529214,12.524919,55.65738,Nej,MULTIPOINT ((12.524919018817204 55.65737995115603))
monumenter.301,65117,Skulptur,337,434,723731.643783,6181314.932546,12.562955,55.725808,Nej,MULTIPOINT ((12.56295463534704 55.725808109971354))
monumenter.302,65118,Rød stålskulptur,339,437,724536.467426,6181273.137883,12.575709,55.725061,Nej,MULTIPOINT ((12.575709304936764 55.72506126524367))
monumenter.303,65119,Dreng med fugleunger,88,144,720887.78014,6177416.649428,12.514618,55.69215,Ja,MULTIPOINT ((12.514618490426155 55.692150521989404))
monumenter.304,65120,Tre sten,343,443,721685.78804,6180869.652816,12.530083,55.722754,Ja,MULTIPOINT ((12.530083118814362 55.722754441829736))
monumenter.305,65121,Dansk Cyklist Forbunds cykelstipris 1983,340,438,726391.531704,6174673.832709,12.599736,55.665019,Nej,MULTIPOINT ((12.59973644192016 55.66501858902931))
monumenter.306,65123,To væbnere,176,221,724428.559104,6175753.927722,12.569475,55.675615,Nej,MULTIPOINT ((12.56947519268467 55.67561538914776))
monumenter.307,65124,To væbnere,176,221,724437.614034,6175764.206243,12.569627,55.675703,Nej,MULTIPOINT ((12.569627299333984 55.67570338318378))
monumenter.308,65125,Christian IV,309,396,726124.472379,6175555.567178,12.596225,55.67305,Nej,MULTIPOINT ((12.59622548323346 55.6730500833285))
monumenter.309,65126,Spejlbassin,311,349,724909.220611,6175835.592436,12.57717,55.676125,Nej,MULTIPOINT ((12.577170203798572 55.676125446337615))
monumenter.310,65133,Jorden bærer dit aftryk,357,467,722908.910862,6177009.34577,12.546378,55.687574,Nej,MULTIPOINT ((12.546377536657594 55.68757394491369))
monumenter.311,65128,Granitskulptur,333,426,723548.481082,6177929.751846,12.557281,55.695534,Nej,MULTIPOINT ((12.557281151383275 55.695534183364956))
monumenter.312,65129,Rød granitskulptur,334,427,723080.058165,6178325.376315,12.550165,55.699298,Nej,MULTIPOINT ((12.550165254149915 55.69929769755544))
monumenter.313,65130,Kvartmilesten,345,447,723820.896667,6177990.379246,12.561656,55.695952,Nej,MULTIPOINT ((12.561656152496303 55.6959523584001))
monumenter.314,65131,Jorden bærer dit aftryk,357,467,723061.690571,6178321.194796,12.54987,55.699269,Nej,MULTIPOINT ((12.549870172903592 55.69926863918391))
monumenter.315,65134,Jorden bærer dit aftryk,357,467,723628.085328,6176899.081636,12.557705,55.686254,Nej,MULTIPOINT ((12.557704677031142 55.68625439729112))
monumenter.316,65135,Moving the World,335,430,725079.702319,6176051.254011,12.580053,55.67798,Nej,MULTIPOINT ((12.580052621464924 55.67798050908306))
monumenter.317,65137,Spydsspidsen,358,468,722806.047966,6176905.392571,12.54466,55.686689,Ja,MULTIPOINT ((12.544660111585694 55.68668888327346))
monumenter.318,65138,Spydsspidsen,358,468,722791.901046,6176972.834056,12.54449,55.6873,Ja,MULTIPOINT ((12.544490305155415 55.68730020352902))
monumenter.319,65139,Talerstol,361,472,724544.71404,6175766.672652,12.571329,55.675676,Ja,MULTIPOINT ((12.571329007181049 55.67567600734918))
monumenter.320,65140,Punktet,359,469,722042.321798,6172459.599764,12.528942,55.647167,Ja,MULTIPOINT ((12.528941547988577 55.647167223145374))
monumenter.321,65142,Theophilus Hansen,346,450,726513.130576,6176463.033219,12.603142,55.681007,Nej,MULTIPOINT ((12.60314178953051 55.68100686605435))
monumenter.322,65143,Figuren Blågårds Plads,69,123,723595.07774,6176914.518957,12.557193,55.686408,Nej,MULTIPOINT ((12.55719327655757 55.68640804064943))
monumenter.323,65144,Jorden bærer dit aftryk,357,467,722315.932769,6178489.476085,12.538164,55.70112,Nej,MULTIPOINT ((12.538163886902312 55.70112000515007))
monumenter.324,65145,Jorden bærer dit aftryk,357,467,723597.368822,6177711.957501,12.55788,55.693558,Nej,MULTIPOINT ((12.557879792597374 55.69355847305541))
monumenter.325,65127,Mindeplade for Bethelskibet,338,436,725553.386738,6176346.289417,12.587813,55.680407,Nej,MULTIPOINT ((12.58781283883609 55.68040659848129))
monumenter.326,65146,Jorden bærer dit aftryk,357,467,723923.282752,6177011.017908,12.562482,55.687122,Nej,MULTIPOINT ((12.562482180223984 55.68712220578702))
monumenter.327,65147,Theresienstadt-monumentet,348,453,726258.409132,6178980.149634,12.601176,55.703698,Ja,MULTIPOINT ((12.601175816055022 55.70369822365208))
monumenter.328,65148,Full Length,367,482,725878.718742,6176141.411195,12.592808,55.678418,Ja,MULTIPOINT ((12.592807772745713 55.6784181105102))
monumenter.329,65149,Mindeplade for Finn Nørgaard,368,483,724575.548928,6179088.316241,12.574538,55.70545,,MULTIPOINT ((12.574538407871342 55.70544998743491))
monumenter.330,65150,Øjeblik I,369,485,724756.879777,6178853.433477,12.577226,55.70326,Ja,MULTIPOINT ((12.57722565366815 55.70325963452764))
monumenter.331,65151,Bygherren Christian IV,373,509,725239.27115,6175843.988315,12.582415,55.676048,Ja,MULTIPOINT ((12.58241503208963 55.676047813971905))
monumenter.332,65152,Spydsspidsen,358,468,722767.866488,6177084.291256,12.544199,55.688311,Ja,MULTIPOINT ((12.544199270759997 55.68831080210675))
monumenter.333,65153,Før og efter øjeblikket,371,488,724171.11997,6177382.545506,12.56672,55.69034,Ja,MULTIPOINT ((12.56672021136738 55.69033970455055))
monumenter.334,65154,Isbjørn,177,222,724431.361071,6175736.189718,12.569505,55.675455,Nej,MULTIPOINT ((12.569505157848312 55.67545502058792))
monumenter.335,65155,Vægter,109,162,724441.755607,6175755.029816,12.569686,55.675619,Nej,MULTIPOINT ((12.569685523773733 55.675619175683856))
monumenter.336,65156,Vægter,109,162,724435.583851,6175748.208401,12.569582,55.675561,Nej,MULTIPOINT ((12.569582000070785 55.67556085289498))
monumenter.337,65157,Vægter,109,162,724429.57451,6175740.899742,12.569481,55.675498,Nej,MULTIPOINT ((12.569480655847354 55.675498085385115))
monumenter.338,65158,Vægter,109,162,724452.799803,6175769.647133,12.569873,55.675745,Nej,MULTIPOINT ((12.569872748553943 55.67574516052548))
monumenter.339,65159,Vægter,109,162,724458.971559,6175776.793377,12.569977,55.675806,Nej,MULTIPOINT ((12.569976538791941 55.67580639611516))
monumenter.340,65160,Sole og galakser i rum,205,247,727113.551034,6174190.104657,12.610791,55.660344,Nej,MULTIPOINT ((12.610791490293405 55.66034382268525))
monumenter.341,73128,Ung mand med diskos,171,216,722718.671334,6179565.501972,12.545434,55.710585,Ja,MULTIPOINT ((12.545434435560532 55.71058533251071))
monumenter.342,73129,Den humane sygepleje,141,189,722522.929193,6179683.903509,12.542421,55.711737,Ja,MULTIPOINT ((12.542421318165328 55.711737002833274))
monumenter.343,73238,"Pige, der reder sit hår",172,217,722615.469194,6179331.360779,12.543605,55.708533,Ja,MULTIPOINT ((12.543604807226048 55.70853287989212))
monumenter.344,73322,Vågnende pige,117,169,723207.01936,6178031.583233,12.551942,55.696605,Ja,MULTIPOINT ((12.551942170501947 55.6966045549758))
monumenter.345,74034,,,,725178.747685,6178977.169856,12.584027,55.704174,,MULTIPOINT ((12.58402705465962 55.7041737039209))
monumenter.346,74135,Victor Borge,351,458,724984.95177,6178680.098546,12.580705,55.701599,Ja,MULTIPOINT ((12.580705388322764 55.70159951039661))
monumenter.347,74188,Hemmeligheden,133,182,719642.706151,6177499.448442,12.494915,55.693458,Ja,MULTIPOINT ((12.49491548572618 55.693458039550485))
monumenter.348,74278,Mindeplade for danske kvinders valgret,377,,726627.191804,6173068.929897,12.602152,55.650516,,MULTIPOINT ((12.602151756939405 55.650516497676215))
monumenter.349,74279,Fjodor Dostojevskij,375,,723239.347637,6177265.442591,12.551832,55.689719,,MULTIPOINT ((12.55183175434443 55.68971884543261))
monumenter.350,74280,Australske piloter,378,,726036.498104,6177261.788875,12.596235,55.688392,Ja,MULTIPOINT ((12.596234866141684 55.68839193304317))
monumenter.351,74281,Anker Jørgensen,376,514,722502.743363,6172926.643489,12.536621,55.651145,Ja,MULTIPOINT ((12.536621406096701 55.65114537883165))
monumenter.352,74303,Abstrakt skulptur,242,517,726309.712406,6173275.859796,12.597287,55.65252,,MULTIPOINT ((12.597287043385663 55.65252006233001))
monumenter.353,61610,frihedsstøtten,54,24,724048.084953,6175576.570048,12.563292,55.6742,Ja,MULTIPOINT ((12.563292237700383 55.67420047077942))
monumenter.354,61685,Ung pige ,182,227,723469.037888,6175207.865789,12.553803,55.671161,Ja,MULTIPOINT ((12.553802781761208 55.67116059281035))
monumenter.355,61687,Drengebarn med fiasco,99,152,723070.759369,6174734.771639,12.547098,55.667101,Nej,MULTIPOINT ((12.547098329828211 55.667100815257925))
monumenter.356,61688,Venus med æblet,53,107,722825.850468,6174698.102335,12.543183,55.666884,Ja,MULTIPOINT ((12.543182582957266 55.666884323591525))
monumenter.357,61689,Ungdom,162,208,722741.3353,6174654.40278,12.541806,55.666531,Ja,MULTIPOINT ((12.54180613650608 55.66653116237738))
monumenter.358,61690,Apollon og de ni muser,332,425,722682.385705,6174735.539023,12.540937,55.667286,Ja,MULTIPOINT ((12.540936571255003 55.66728583167384))
monumenter.359,61711,Legepladsudsmykning,341,439,722961.126774,6174732.512373,12.545357,55.667131,Ja,MULTIPOINT ((12.545356946594968 55.667130869836086))
monumenter.360,61715,Carlstad,349,454,719808.801937,6178681.778065,12.498501,55.703987,Ja,MULTIPOINT ((12.498500995267989 55.70398674291069))
monumenter.361,65019,Heraklesspringvandet,114,166,723536.479855,6175329.868398,12.554972,55.672224,Ja,MULTIPOINT ((12.554972315393318 55.672223702734286))
monumenter.362,65030,Fodboldspiller,247,281,718882.032987,6180365.901211,12.485127,55.71951,Ja,MULTIPOINT ((12.485127072514091 55.71951014158836))
monumenter.363,65041,Vesterbros blomst,270,305,723896.012551,6175459.448024,12.560783,55.67322,Ja,MULTIPOINT ((12.56078337821753 55.673220224416625))
monumenter.364,65042,Tyr,163,209,723824.465525,6174864.743891,12.559163,55.66792,Nej,MULTIPOINT ((12.55916321830512 55.667919836296726))
monumenter.365,65043,Fire steler,302,341,723775.597214,6174573.009966,12.55815,55.665326,Ja,MULTIPOINT ((12.55815012709702 55.66532604477601))
monumenter.366,65044,Fire steler,302,341,723986.835943,6174389.483879,12.561352,55.663583,Ja,MULTIPOINT ((12.561352014696203 55.66358285163703))
monumenter.367,65053,Fire steler,302,341,723962.374776,6174367.694941,12.560946,55.663399,Ja,MULTIPOINT ((12.56094616499593 55.66339871996633))
monumenter.368,65065,Moder med børn,135,184,720427.839988,6179098.98687,12.508669,55.707448,Ja,MULTIPOINT ((12.50866864105991 55.70744768567619))
monumenter.369,65072,Granskende pige,100,153,718587.882625,6179241.3603,12.479555,55.709557,Ja,MULTIPOINT ((12.479555498522599 55.70955704765519))
monumenter.370,65085,Kalkun,243,279,719166.866847,6180475.419618,12.489741,55.720364,Nej,MULTIPOINT ((12.48974056612609 55.720363739531926))
monumenter.371,65086,"To katte, der netter hinanden",206,248,718419.119657,6179741.694589,12.477274,55.71412,Ja,MULTIPOINT ((12.477273652944504 55.714120462355154))
monumenter.372,65087,Høstmand,167,213,720360.71986,6179341.470259,12.507798,55.709653,Ja,MULTIPOINT ((12.507797563696311 55.70965289371261))
monumenter.373,65088,Glasmosaik,208,249,720415.661803,6178756.331739,12.5082,55.70438,Nej,MULTIPOINT ((12.508199533473821 55.70438010679368))
monumenter.374,65113,Dreng,326,417,718332.323645,6179910.594343,12.476029,55.715674,Nej,MULTIPOINT ((12.476029371346264 55.715674369714485))
monumenter.375,65114,Granitskulptur,327,418,720439.366912,6178769.100255,12.508586,55.704484,Nej,MULTIPOINT ((12.508586309854783 55.7044838532684))
monumenter.376,65122,Cyklerne,350,455,723700.028837,6174606.307318,12.556978,55.665659,Ja,MULTIPOINT ((12.556978264582177 55.66565945143906))
monumenter.377,74282,En rigtig dansk familie,379,510,723870.11378,6173936.097345,12.559131,55.659571,,MULTIPOINT ((12.559130736491843 55.65957061872353))
monumenter.378,64973,Danske sprogforskere,121,172,724701.924155,6175504.5936,12.573609,55.673253,Ja,MULTIPOINT ((12.573609427246234 55.6732530038345))
monumenter.379,65141,Slægt løfter slægt,305,344,724932.263321,6175978.160703,12.577653,55.677393,Nej,MULTIPOINT ((12.577652726732584 55.67739331455124))
monumenter.380,61630,Vandkunst,221,260,724778.200578,6176420.042875,12.57557,55.681427,Ja,MULTIPOINT ((12.575569562891548 55.68142739378799))
monumenter.381,61661,Nulpunkt Amagerport,75,131,726003.865224,6175296.107058,12.594098,55.670779,Ja,MULTIPOINT ((12.594098043556187 55.670779433512486))
monumenter.382,,,,,725998.253461,6175218.425785,12.593945,55.670085,,MULTIPOINT ((12.593945063860964 55.670085417958916))
monumenter.383,65038,Adam Oehlenschläger,60,113,725455.289894,6176265.360372,12.586189,55.679726,Ja,MULTIPOINT ((12.586189382047678 55.679726388701496))
monumenter.384,65038,Ludvig Holberg,60,113,725436.174202,6176257.913564,12.58588,55.679668,Ja,MULTIPOINT ((12.585879870204504 55.67966847999931))
monumenter.385,61658,Siddende kvinde,149,198,725581.180764,6175222.20506,12.58733,55.670313,Ja,MULTIPOINT ((12.587330246990874 55.67031312733425))
monumenter.386,,,,,727108.232799,6174360.712036,12.610848,55.661876,,MULTIPOINT ((12.610848146663862 55.661876245313344))
monumenter.387,61724,Modstandsbevægelsens faldne,160,206,726086.812842,6175080.253785,12.595237,55.668805,Ja,MULTIPOINT ((12.59523651729718 55.66880512796106))
monumenter.388,65076,Kongens Livjægere,161,207,725524.513763,6178247.80844,12.588918,55.697472,Ja,MULTIPOINT ((12.588918117651739 55.69747240261654))
monumenter.389,,,,,727356.058739,6172445.808954,12.613196,55.644588,,MULTIPOINT ((12.613195846431978 55.64458834495136))
